airportName,airporCity,airportCountryCode,airportContinent,airporElevation
Atbasar Airport,Atbasar,KZ,AS,1010
Sion Airport,Sion,CH,EU,1585
Hachijojima Airport,Hachijojima,JP,AS,303
Northern Peninsula Airport,Bamaga,AU,OC,34
Diyawanna Oya Seaplane Base,Kotte,LK,AS,-10
Morondava Airport,,MG,AF,30
Muanda Airport,,CD,AF,89
Kaimana Airport,Kaimana-Papua Island,ID,AS,19
Port Elizabeth Airport,Port Elizabeth,ZA,AF,226
Maleo Airport,Morowali,ID,AS,12
Oiapoque Airport,Oiapoque,BR,SA,63
Phillips Army Air Field,Aberdeen Proving Grounds(Aberdeen),US,NA,57
Coronel Altino Machado de Oliveira Airport,Governador Valadares,BR,SA,561
Víctor Lafón Airport,San Felipe,CL,SA,2188
Chennault International Airport,Lake Charles,US,NA,17
Kirkimbie Station Airport,Kirkimbie,AU,OC,
Ghazni Airport,Ghazni,AF,AS,7150
Ossima Airport,Ossima,PG,OC,205
Kikori Airport,Kikori,PG,OC,50
Asbury Park Neptune Air Terminal,Asbury Park,US,NA,95
Shinyanga Airport,Shinyanga,TZ,AF,3800
Rosario Seaplane Base,Rosario,US,NA,
Jacmel Airport,Jacmel,HT,NA,167
Arthur's Town Airport,Arthur's Town,BS,NA,18
Kondavattavana Tank Seaplane Base,Ampara,LK,AS,95
Vredendal Airport,Vredendal,ZA,AF,330
Tezu Airport,Tezu,IN,AS,800
Amakusa Airport,,JP,AS,340
Houlton International Airport,Houlton,US,NA,489
Pdte. Carlos Ibañez del Campo Airport,Punta Arenas,CL,SA,139
Hiroshimanishi Airport,,JP,AS,15
Noi Bai International Airport,Hanoi,VN,AS,39
Kalaupapa Airport,Kalaupapa,US,NA,24
Tougan Airport,Tougan,BF,AF,984
Lastourville Airport,Lastourville,GA,AF,1585
Tuntutuliak Airport,Tuntutuliak,US,NA,16
Mouyondzi Airport,Mouyondzi,CG,AF,1670
Toksook Bay Airport,Toksook Bay,US,NA,59
Mekoryuk Airport,Mekoryuk,US,NA,48
Codrington Airport,Codrington,AG,NA,15
Browns Airport,Weeping Water,US,NA,1183
Loring International Airport,Limestone,US,NA,746
Maquinchao Airport,Maquinchao,AR,SA,2912
Proserpine Whitsunday Coast Airport,Proserpine,AU,OC,82
Fergana International Airport,Fergana,UZ,AS,1980
Hayman Island Resort Seaplane Base,Hayman Island,AU,OC,
Keshod Airport,,IN,AS,167
Monument Valley Airport,Goulding's Lodge,US,NA,5192
Zalingei Airport,Zalingei,SD,AF,3020
Cadjehoun Airport,Cotonou,BJ,AF,19
Memphis International Airport,Memphis,US,NA,341
Port Bergé Airport,Port Bergé,MG,AF,213
Wexford County Airport,Cadillac,US,NA,1307
Les Bases Airport,Grand Bourg,GP,NA,16
Bishop International Airport,Flint,US,NA,782
Patrick Air Force Base,Cocoa Beach,US,NA,8
Zyryanka Airport,Zyryanka,RU,AS,140
Vista Field,Kennewick,US,NA,534
Fort Madison Municipal Airport,Fort Madison,US,NA,724
Simmons Army Air Field,Fort Bragg,US,NA,244
Pembroke Airport,Pembroke,CA,NA,529
Sullivan County International Airport,Monticello,US,NA,1403
Fillmore Municipal Airport,Fillmore,US,NA,4985
Chuathbaluk Airport,Chuathbaluk,US,NA,244
Kemi-Tornio Airport,Kemi / Tornio,FI,EU,61
Zhezkazgan Airport,Zhezkazgan,KZ,AS,1250
Johnson County Airport,Buffalo,US,NA,4968
Central Nebraska Regional Airport,Grand Island,US,NA,1847
Ambler Airport,Ambler,US,NA,334
Pondok Cabe Air Base,Jakarta,ID,AS,200
Mapua(Mabua) Airport,Tatau Island,PG,OC,40
Grenfell Airport,Grenfell,AU,OC,1080
Allegheny County Airport,Pittsburgh,US,NA,1252
Zoersel (Oostmalle) Airfield,Zoersel,BE,EU,53
Lowai Airport,Lowai,PG,OC,2900
Al Baha Airport,,SA,AS,5486
São Mateus Airport,São Mateus,BR,SA,98
Thorshofn Airport,Thorshofn,IS,EU,65
Uzhhorod International Airport,Uzhhorod,UA,EU,383
Canandaigua Airport,Ontario County IDA,US,NA,814
Kauhava Airport,Kauhava,FI,EU,151
Cassilândia Airport,Cassilândia,BR,SA,1568
Columbia Gorge Regional the Dalles Municipal Airport,The Dalles,US,NA,247
La Ronge Airport,La Ronge,CA,NA,1242
Þingeyri Airport,Þingeyri,IS,EU,65
Corryong Airport,,AU,OC,963
Phoenix Sky Harbor International Airport,Phoenix,US,NA,1135
Jinhae Airbase/Airport (G-813/K-10),Jinhae,KR,AS,8
Whistler/Green Lake Water Aerodrome,Whistler,CA,NA,2100
Grundarfjörður Airport,Grundarfjörður,IS,EU,17
Southern Illinois Airport,Carbondale/Murphysboro,US,NA,411
Headingly Airport,,AU,OC,
Port Heiden Airport,Port Heiden,US,NA,95
Gimhae International Airport,Busan,KR,AS,6
Sitka Rocky Gutierrez Airport,Sitka,US,NA,21
Hemet Ryan Airport,Hemet,US,NA,1512
Perry Lefors Field,Pampa,US,NA,3245
Wilmington Airpark,Wilmington,US,NA,1077
Nan Airport,,TH,AS,685
Parndana Airport,Kangaroo Island,AU,OC,545
San Pedro Airport,Bonanza,NI,NA,600
Antonio Rivera Rodriguez Airport,Vieques Island,PR,NA,49
Paso Caballos Airport,Paso Caballos,GT,NA,213
L'Espérance Airport,Grand Case,MF,NA,7
Wake Island Airfield,Wake Island,UM,OC,14
Simferopol International Airport,Simferopol,UA,EU,639
Fort Resolution Airport,Fort Resolution,CA,NA,526
Chilko Lake (Tsylos Park Lodge) Airport,Chilko Lake,CA,NA,3850
Solapur Airport,Solapur,IN,AS,1584
Kagi Airport,Kagi,PG,OC,4200
Kanpur Airport,Kanpur,IN,AS,410
South Naknek Nr 2 Airport,South Naknek,US,NA,162
Providenciales Airport,Providenciales Island,TC,NA,15
Tidjikja Airport,Tidjikja,MR,AF,1363
Khuzdar Airport,Khuzdar,PK,AS,4012
Odense Airport,Odense,DK,EU,56
Malevo Airport,Haskovo,BG,EU,600
Fangatau Airport,,PF,OC,9
Snap Lake Airport,Snap Lake Mine,CA,NA,1557
Cabo 1° Juan Román Airport,Puerto Aysen,CL,SA,30
Dr. Babasaheb Ambedkar International Airport,Naqpur,IN,AS,1033
Daniel Z. Romualdez Airport,Tacloban City,PH,AS,10
Cushing Municipal Airport,Cushing,US,NA,916
Sancti Spiritus Airport,Sancti Spiritus,CU,NA,295
Bordj Badji Mokhtar Airport,Bordj Badji Mokhtar,DZ,AF,1303
Chandalar Lake Airport,Chandalar Lake,US,NA,1920
Oeiras Airport,Oeiras,BR,SA,820
Ararat Airport,,AU,OC,1008
Dublin Airport,Dublin,IE,EU,242
Taylor Airport,Taylor,US,NA,5823
Farewell Airport,Farewell,US,NA,1535
Roboré Airport,Roboré,BO,SA,905
Zhoushan Airport,Zhoushan,CN,AS,3
Henderson Executive Airport,Las Vegas,US,NA,2492
Zonalnoye Airport,Tymovskoye,RU,AS,479
Bateen Airport,,AE,AS,16
Baise Youjiang Airport,Baise,CN,AS,490
Rendani Airport,Manokwari-Papua Island,ID,AS,23
Tum Airport,Tum,ET,AF,4700
San Cristobal de las Casas Airport,San Cristobal de las Casas,MX,NA,7707
Yibin Caiba Airport,Yibin,CN,AS,924
Brandon Municipal Airport,Brandon,CA,NA,1343
Aramac Airport,,AU,OC,232
St. Theresa Point Airport,St. Theresa Point,CA,NA,773
Mehrabad International Airport,Tehran,IR,AS,3962
Lakeland Airport,Lakeland Downs,AU,OC,930
Parndana Airport,Kangaroo Island,AU,OC,545
Republic Airport,Farmingdale,US,NA,82
Helgoland-Düne Airport,Helgoland,DE,EU,8
Erie International Tom Ridge Field,Erie,US,NA,732
General Pedro Jose Mendez International Airport,Ciudad Victoria,MX,NA,761
Sertanópolis Airport,Sertanópolis,BR,SA,1181
Miri Airport,Miri,MY,AS,59
Balkanabat Airport,Balkanabat,TM,AS,5
Kiwai Airport,Kiwai Island,PG,OC,30
Ottumwa Regional Airport,Ottumwa,US,NA,845
Long Apung Airport,Long Apung-Borneo Island,ID,AS,627
Capital City Airport,Lansing,US,NA,861
Sainte Marie Airport,,MG,AF,7
Moroak Airport,Moroak,AU,OC,227
Teniente Rodolfo Marsh Martin Base,Isla Rey Jorge,AQ,AN,147
Donnelly Airport,Donnelly,CA,NA,1949
Tarapaina Airport,Tarapaina,SB,OC,80
Roscommon County - Blodgett Memorial Airport,Houghton Lake,US,NA,1150
Manokotak Airport,Manokotak,US,NA,100
Galegu Airport,Dinder,SD,AF,1640
Noonkanbah Airport,,AU,OC,
General Villamil Airport,Isabela,EC,SA,35
Union Island International Airport,Union Island,VC,NA,16
Shigatse Air Base,Xigazê,CN,AS,3782
Cataratas International Airport,Foz Do Iguaçu,BR,SA,786
Pécs-Pogány Airport,Pécs-Pogány,HU,EU,1000
Bob Hope Airport,Burbank,US,NA,778
Taipei Songshan Airport,Taipei City,TW,AS,18
Marin County Airport - Gnoss Field,Novato,US,NA,2
Priština International Airport,Prishtina,XK,EU,1789
Nikolski Air Station,Nikolski,US,NA,77
Appleton International Airport,Appleton,US,NA,918
Akiak Airport,Akiak,US,NA,30
Anthony Lagoon Airport,,AU,OC,
Mersing Airport,Mersing,MY,AS,10
Truth Or Consequences Municipal Airport,Truth Or Consequences,US,NA,4853
Elko Regional Airport,Elko,US,NA,5140
Lesobeng Airport,Lesobeng,LS,AF,7130
Nara Airport,Nara,ML,AF,889
Castlegar/West Kootenay Regional Airport,Castlegar,CA,NA,1624
Croydon Airport,,AU,OC,107
Gulfport Biloxi International Airport,Gulfport,US,NA,28
Khatgal Airport,Hatgal,MN,AS,5500
Aerodromo de Chaves,Chaves,PT,EU,1181
Palenque International Airport,,MX,NA,200
Nhon Co Airfield,Quang Duc,VN,AS,2270
Aua Island Airport,Aua Island,PG,OC,4
Orchid Beach Airport,Orchid Beach,AU,OC,71
Puerto Rico Airport,Puerto Rico/Manuripi,BO,SA,597
Loakan Airport,Baguio City,PH,AS,4251
Tadjoura Airport,Tadjoura,DJ,AF,246
Siegerland Airport,,DE,EU,1966
Heiweni Airport,Heiweni,PG,OC,3480
Suki Airport,Suki,PG,OC,24
Brackett Field,La Verne,US,NA,1011
Mopti Airport,,ML,AF,906
Lukla Airport,Lukla,NP,AS,9380
Haelogo Airport,Haelogo,PG,OC,3217
Key Lake Airport,Key Lake,CA,NA,1679
Bazhong Enyang Airport,Bazhong,CN,AS,1804
Sidney Municipal Airport,Sidney,US,NA,1027
Cherrabun Airport,,AU,OC,540
De La Independencia Airport,Rancagua,CL,SA,1446
Cairns International Airport,Cairns,AU,OC,10
Tshabong Airport,Tshabong,BW,AF,3179
Centralia / James T. Field Memorial Aerodrome,Centralia,CA,NA,824
Pakse International Airport,Pakse,LA,AS,351
Constanza - Expedición 14 de Junio National Airport,Costanza,DO,NA,3950
Helsinki Vantaa Airport,Helsinki,FI,EU,179
Echuca Airport,,AU,OC,323
Red Lake Airport,Red Lake,CA,NA,1265
Bandon State Airport,Bandon,US,NA,122
El Mirador Airport,Puerto Varas,CL,SA,430
Lemhi County Airport,Salmon,US,NA,4043
Manatee Airport,,BZ,NA,343
Mejit Atoll Airport,Mejit Atoll,MH,OC,5
Mendi Airport,Mendi,ET,AF,5500
Pweto Airport,Pweto,CD,AF,3425
Pavlodar Airport,Pavlodar,KZ,AS,410
Gorgan Airport,Gorgan,IR,AS,-24
Chub Cay Airport,,BS,NA,5
Leeward Point Field,Guantanamo Bay Naval Station,CU,NA,56
Aden International Airport,Aden,YE,AS,7
General Manuel Serrano Airport,Machala,EC,SA,11
Windarra Airport,,AU,OC,
Pointe-à-Pitre Le Raizet,Pointe-à-Pitre,GP,NA,36
Coolawanyah Airport,Coolawanyah Station,AU,OC,1195
Playa Grande Airport,Playa Grande,GT,NA,577
Dhanbad Airport,,IN,AS,847
Mayumba Airport,Mayumba,GA,AF,13
Deadman's Cay Airport,Deadman's Cay,BS,NA,9
San Cristobal de las Casas Airport,San Cristobal de las Casas,MX,NA,7707
Verkhnevilyuisk Airport,Verkhnevilyuisk,RU,AS,411
Yangon International Airport,Yangon,MM,AS,109
São Gabriel da Cachoeira Airport,São Gabriel Da Cachoeira,BR,SA,251
Isla de Tigre  Heliport,Isla de Tigre,VE,SA,20
Eastmain River Airport,Eastmain River,CA,NA,24
Okondja Airport,Okondja,GA,AF,1325
Coposa Airport,Pica,CL,SA,12468
St Leonard Airport,St Leonard,CA,NA,793
Abadan Airport,Abadan,IR,AS,10
Eday Airport,Eday,GB,EU,10
Pope Field,Greenfield,US,NA,895
Melbourne International Airport,Melbourne,AU,OC,434
Naryan Mar Airport,Naryan Mar,RU,EU,36
Grenchen Airport,Grenchen,CH,EU,1411
Pilot Station Airport,Pilot Station,US,NA,305
Mount Hagen Kagamuga Airport,Mount Hagen,PG,OC,5388
Rio Frio / Progreso Airport,Rio Frio / Progreso,CR,NA,350
Cuito Cuanavale Airport,Cuito Cuanavale,AO,AF,
Abu Simbel Airport,Abu Simbel,EG,AF,616
Diqing Airport,Shangri-La,CN,AS,10761
Brunswick Golden Isles Airport,Brunswick,US,NA,26
Maku National Airport,Showt,IR,AS,
Ruby Airport,Ruby,US,NA,658
Morehead Airport,Morehead,PG,OC,100
Seward Airport,Seward,US,NA,22
Perth/Scone Airport,Perth,GB,EU,397
Tanga Airport,Tanga,TZ,AF,129
Delta County Airport,Escanaba,US,NA,609
Gerardo Tobar López Airport,Buenaventura,CO,SA,48
Meekatharra Airport,,AU,OC,1713
Puerto Berrio Airport,Puerto Berrio,CO,SA,445
Casa De Campo International Airport,La Romana,DO,NA,240
Mano Dayak International Airport,Agadez,NE,AF,1657
Umiat Airport,Umiat,US,NA,267
Rolpa Airport,Rolpa,NP,AS,4100
Magaruque Airport,Magaruque Island,MZ,AF,20
Portland Hillsboro Airport,Portland,US,NA,208
Bo Airport,Bo,SL,AF,328
Malolo Lailai Island Airport,Malolo Lailai Island,FJ,OC,10
Abresso Airport,Ransiki-Papua Island,ID,AS,52
Zhob Airport,Fort Sandeman,PK,AS,4728
Gurney Airport,Gurney,PG,OC,88
Peter O Knight Airport,Tampa,US,NA,8
Stillwater Regional Airport,Stillwater,US,NA,1000
Dubrovnik Airport,Dubrovnik,HR,EU,527
Diagoras Airport,Rodes Island,GR,EU,17
Chişinău International Airport,Chişinău,MD,EU,399
Buffalo Niagara International Airport,Buffalo,US,NA,728
Mount Etjo Airport,Mount Etjo Safari Lodge,NA,AF,5000
Queen Beatrix International Airport,Oranjestad,AW,NA,60
Lourdes de Blanc Sablon Airport,Lourdes-De-Blanc-Sablon,CA,NA,121
Nicholson Airport,,AU,OC,
Chignik Lagoon Airport,Chignik Flats,US,NA,25
Tougan Airport,Tougan,BF,AF,984
Mianyang Airport,Mianyang,CN,AS,
Plymouth Municipal Airport,Plymouth,US,NA,148
Wajir Airport,Wajir,KE,AF,770
Ganja Airport,Ganja,AZ,AS,1083
Santa Cruz do Sul Airport,Santa Cruz Do Sul,BR,SA,646
La Sarre Airport,La Sarre,CA,NA,1048
Zonalnoye Airport,Tymovskoye,RU,AS,479
RAF Northolt,London,GB,EU,124
Shaoyang Wugang Airport,Shaoyang,CN,AS,1444
Wollaston Lake Airport,Wollaston Lake,CA,NA,1360
Carriel Sur Airport,Concepcion,CL,SA,26
West Sale Airport,Sale,AU,OC,72
Fort Lauderdale Executive Airport,Fort Lauderdale,US,NA,13
Figari Sud-Corse Airport,Figari Sud-Corse,FR,EU,87
Saint Louis Airport,Saint Louis,SN,AF,9
Åre Östersund Airport,Östersund,SE,EU,1233
Laoag International Airport,Laoag City,PH,AS,25
Tusi AHP (Hunter Liggett) Heliport,Fort Hunter Ligget Jolon,US,NA,1017
W H 'Bud' Barron Airport,Dublin,US,NA,309
Hog River Airport,Hogatza,US,NA,534
"Foggia ""Gino Lisa"" Airport",Foggia,IT,EU,265
Aroa Airport,Agevairu,PG,OC,20
Platinum Airport,Platinum,US,NA,15
Regional Orlando Villas Boas Airport,Matupá,BR,SA,886
Potchefstroom Airport,Potchefstroom,ZA,AF,4520
Bayannur Tianjitai Airport,Bavannur,CN,AS,3400
Proserpine Whitsunday Coast Airport,Proserpine,AU,OC,82
Kansas City International Airport,Kansas City,US,NA,1026
Marsa Alam International Airport,Marsa Alam,EG,AF,251
Indira Gandhi International Airport,New Delhi,IN,AS,777
Torsby Airport,,SE,EU,393
Tasiujaq Airport,Tasiujaq,CA,NA,122
Isla de Tigre  Heliport,Isla de Tigre,VE,SA,20
Godman Army Air Field,Fort Knox,US,NA,756
Namibe Airport,Namibe,AO,AF,210
Grímsey Airport,Grímsey,IS,EU,66
Villa Constitución Airport,Ciudad Constitución,MX,NA,175
Ganges Seaplane Base,Salt Spring Island,CA,NA,0
Eskişehir Air Base,,TR,AS,2581
Trunojoyo Airport,Sumenep-Madura Island,ID,AS,10
Diebougou Airport,Diebougou,BF,AF,984
Lelystad Airport,Lelystad,NL,EU,-13
Rabi Island Airport,Rabi Island,FJ,OC,88
Kili Airport,Kili Island,MH,OC,5
Asaba International Airport,Asaba,NG,AF,305
Ostend-Bruges International Airport,Ostend,BE,EU,13
Karubaga Airport,Karubaga-Papua Island,ID,AS,5200
Coposa Airport,Pica,CL,SA,12468
Yancheng Airport,Yancheng,CN,AS,
Black Tickle Airport,Black Tickle,CA,NA,57
Limon International Airport,Puerto Limon,CR,NA,7
Santa Elena de Uairen Airport,,VE,SA,2938
CFB Cold Lake,Cold Lake,CA,NA,1775
Kish International Airport,Kish Island,IR,AS,101
Nikolai Airport,Nikolai,US,NA,441
Caia Airport,Caia,MZ,AF,156
Fulleborn Airport,Fulleborn,PG,OC,36
Moanamani Airport,Moanamani-Papua Island,ID,AS,5204
Mianyang Airport,Mianyang,CN,AS,
Salem Municipal Airport/McNary Field,Salem,US,NA,214
Ladysmith Airport,Ladysmith,ZA,AF,3548
Lemmon Municipal Airport,Lemmon,US,NA,2571
Luzhou Airport,Luzhou,CN,AS,
Diomício Freitas Airport,Criciúma,BR,SA,93
Mae Hong Son Airport,Mae Hong Son,TH,AS,1271
Lenawee County Airport,Adrian,US,NA,798
Santa Maria Airport,Santa María,PE,SA,769
Dos Lagunas Airport,Dos Lagunas,GT,NA,1057
Praia International Airport,Praia,CV,AF,230
Pamol Airport,Pamol,MY,AS,36
RAF Kinloss,Kinloss,GB,EU,22
Tinboli Airport,Tinboli,PG,OC,59
Nadzab Airport,Lae,PG,OC,239
Sóc Trăng Airport,Sóc Trăng,VN,AS,20
Creston Municipal Airport,Creston,US,NA,1300
Fazenda São João Airport,Orlândia,BR,SA,2172
Ranai Airport,Ranai-Natuna Besar Island,ID,AS,7
Hill Air Force Base,Ogden,US,NA,4789
Bijie Feixiong Airport,Bijie,CN,AS,4751
Exuma International Airport,George Town,BS,NA,9
Ford Airport,Iron Mountain / Kingsford,US,NA,1182
Juína Airport,Juína,BR,SA,1083
Kissidougou Airport,Kissidougou,GN,AF,1808
Oyem Airport,Oyem,GA,AF,2158
Sparti Airport,Sparti,GR,EU,500
Albury Airport,Albury,AU,OC,539
Chomley Seaplane Base,Chomley,US,NA,0
Kerau Airport,Gunim,PG,OC,7360
Sønderborg Airport,Sønderborg,DK,EU,24
Barra do Garças Airport,Barra Do Garças,BR,SA,1147
Tchongorove Airport,Iguela,GA,AF,48
Nutwood Downs Airport,Nutwood Downs,AU,OC,500
Inagua Airport,Matthew Town,BS,NA,8
Algeciras Heliport,Algeciras,ES,EU,98
Bacacheri Airport,Curitiba,BR,SA,3057
Kirkuk Air Base,Kirkuk,IQ,AS,1061
Fasa Airport,Fasa,IR,AS,4261
São Joaquim da Barra Airport,São Joaquim Da Barra,BR,SA,2136
Bowen Airport,,AU,OC,8
Malolo Lailai Island Airport,Malolo Lailai Island,FJ,OC,10
Pitalito Airport,Pitalito,CO,SA,4212
Dresden Airport,Dresden,DE,EU,755
Gascoyne Junction Airport,Gascoyne Junction,AU,OC,499
Kinston Regional Jetport At Stallings Field,Kinston,US,NA,93
Gympie Airport,,AU,OC,260
Merced Regional Macready Field,Merced,US,NA,155
Mweka Airport,Mweka,CD,AF,1968
Canton Municipal Airport,Canton,US,NA,1290
George Best Belfast City Airport,Belfast,GB,EU,15
Cholet Le Pontreau Airport,Cholet/Le Pontreau,FR,EU,443
Toussus-le-Noble Airport,Toussus-le-Noble,FR,EU,538
Oksibil Airport,Oksibil-Papua Island,ID,AS,4315
Marshall Don Hunter Sr Airport,Marshall,US,NA,103
Uléi Airport,Ambryn Island,VU,OC,170
St Aubin Airport,Dieppe,FR,EU,344
Brewster Field,Holdrege,US,NA,2313
Komodo Airport,Labuan Bajo - Flores Island,ID,AS,66
Braga Municipal Aerodrome,Braga,PT,EU,247
Sopu Airport,Sopu,PG,OC,6580
Chakcharan Airport,Chakcharan,AF,AS,7383
Dorado Beach Airport,Dorado,PR,NA,75
Rijeka Airport,Rijeka,HR,EU,278
Wings Field,Philadelphia,US,NA,302
Fontanges Airport,Fontanges,CA,NA,1550
Bonito Airport,Bonito,BR,SA,1180
University of Oklahoma Westheimer Airport,Norman,US,NA,1182
Maquehue Airport,Temuco,CL,SA,304
San Fernando Airport,Los Angeles,US,NA,1168
Al Najaf International Airport,Najaf,IQ,AS,103
Kamishly Airport,Kamishly,SY,AS,1480
Pleiku Airport,Pleiku,VN,AS,2434
Alto Parnaíba Airport,Alto Parnaíba,BR,SA,968
Nicaro Airport,Nicaro,CU,NA,26
Agatti Airport,,IN,AS,14
Komaio Airport,Komaio,PG,OC,28
El Fasher Airport,El Fasher,SD,AF,2393
Bathurst Airport,Bathurst,AU,OC,2435
Degah Bur Airport,Degah Bur,ET,AF,3550
Athens Ben Epps Airport,Athens,US,NA,808
Taskul Airport,Taskul,PG,OC,100
Capitan FAP Pedro Canga Rodriguez Airport,Tumbes,PE,SA,115
Southeast Texas Regional Airport,Beaumont/Port Arthur,US,NA,15
Sishen Airport,Sishen,ZA,AF,3848
Santa Terezinha Airport,Santa Terezinha,BR,SA,663
Piarco International Airport,Port of Spain,TT,NA,58
Cuyahoga County Airport,Cleveland,US,NA,879
Dubuque Regional Airport,Dubuque,US,NA,1077
Kauehi Airport,Kauehi,PF,OC,13
Cacoal Airport,Cacoal,BR,SA,778
Antalya International Airport,Antalya,TR,AS,177
Elenak Airport,Mejato Island,MH,OC,16
Cairo West Airport,El Cairo,EG,AF,550
Omar N Bradley Airport,Moberly,US,NA,867
Haikou Meilan International Airport,Haikou,CN,AS,75
Caye Chapel Airport,Caye Chapel,BZ,NA,3
Jinzhou Airport,Jinzhou,CN,AS,
Flensburg-Schäferhaus Airport,Flensburg,DE,EU,131
Hesler Noble Field,Laurel,US,NA,238
Aeroclube de Bento Gonçalves Airport,Bento Gonçalves,BR,SA,2209
Røst Airport,,NO,EU,7
Rabat-Salé Airport,Rabat,MA,AF,276
Bhurban Heliport,Bhurban,PK,AS,5750
Chinggis Khaan International Airport,Ulan Bator,MN,AS,4364
Tennant Creek Airport,Tennant Creek,AU,OC,1236
Beloretsk Airport,Beloretsk,RU,EU,1827
Stenkol Airport,Bintuni,ID,AS,57
Boscobel Aerodrome,Ocho Rios,JM,NA,90
Nanortalik Heliport,Nanortalik,GL,NA,17
Captain João Busse Airport,Apucarana,BR,SA,2641
Aropa Airport,Kieta,PG,OC,20
Muir Army Air Field (Fort Indiantown Gap) Airport,Fort Indiantown Gap(Annville),US,NA,488
Miyazaki Airport,Miyazaki,JP,AS,20
Zinder Airport,Zinder,NE,AF,1516
Caye Chapel Airport,Caye Chapel,BZ,NA,3
Dixie Airport,New Dixie,AU,OC,580
Eagle Air Park,Brazoria,US,NA,15
Grand Coulee Dam Airport,Electric City,US,NA,1588
Bryce Canyon Airport,Bryce Canyon,US,NA,7590
Minnipa Airport,,AU,OC,155
Ikaria Airport,Ikaria Island,GR,EU,79
Argyle International Airport,Kingstown,VC,NA,136
Makini Airport,Makini,PG,OC,2530
Jaffrey Airport Silver Ranch Airport,Jaffrey,US,NA,1040
South Galway Airport,,AU,OC,116
Ozona Municipal Airport,Ozona,US,NA,2381
Las Breas Airport,Taltal,CL,SA,2580
Samjiyŏn Airport,Samjiyŏn,KP,AS,4547
Lukla Airport,Lukla,NP,AS,9380
Sandy Lake Airport,Sandy Lake,CA,NA,951
Monfort Airport,Monfort,CO,SA,630
Semipalatinsk Airport,Semey,KZ,AS,761
Kayseri Erkilet Airport,Kayseri,TR,AS,3463
Mossendjo Airport,Mossendjo,CG,AF,1519
Tuluksak Airport,Tuluksak,US,NA,30
Ekwok Airport,Ekwok,US,NA,135
Mountain Home Air Force Base,Mountain Home,US,NA,2996
Boutilimit Airport,Boutilimit,MR,AF,121
Kuantan Airport,Kuantan,MY,AS,58
Naples Municipal Airport,Naples,US,NA,8
Coban Airport,Coban,GT,NA,4339
Balıkesir Merkez Airport,,TR,AS,340
Alexander the Great International Airport,Kavala,GR,EU,18
Raja Bhoj International Airport,Bhopal,IN,AS,1711
Hill Air Force Base,Ogden,US,NA,4789
Cruz Bay Seaplane Base,Saint John Island,VI,NA,0
Dorunda Airport,Dorunda Outstation,AU,OC,58
Roseau Municipal Rudy Billberg Field,Roseau,US,NA,1060
Hwange National Park Airport,Hwange,ZW,AF,3543
Mikonos Airport,Mykonos Island,GR,EU,405
Chita-Kadala Airport,Chita,RU,EU,2272
Lorraine Airport,,AU,OC,61
Sishen Airport,Sishen,ZA,AF,3848
Bolwarra Airport,,AU,OC,
RAF Honington,Thetford,GB,EU,174
Yalgoo Airport,Yalgoo,AU,OC,
Sumburgh Airport,Lerwick,GB,EU,20
Bandırma Airport,,TR,AS,170
Sierra Maestra Airport,Manzanillo,CU,NA,112
Tarbes-Lourdes-Pyrénées Airport,Tarbes/Lourdes/Pyrénées,FR,EU,1260
Mulege Airport,Mulege,MX,NA,66
Lava Falls Heliport,Supai Village,US,NA,1720
Baimuru Airport,Baimuru,PG,OC,27
Ibn Batouta Airport,Tangier,MA,AF,62
Currillo Airport,Currillo,CO,SA,495
Friday Harbor Airport,Friday Harbor,US,NA,113
New Cametá Airport,Cametá,BR,SA,60
Waimea Kohala Airport,Kamuela,US,NA,2671
Grand Canyon West Airport,Peach Springs,US,NA,4825
Angads Airport,Oujda,MA,AF,1535
Kamiraba Airport,Kamiraba,PG,OC,40
Wellington International Airport,Wellington,NZ,OC,41
Coronel Horácio de Mattos Airport,Lençóis,BR,SA,1676
Monte Dourado Airport,Almeirim,BR,SA,677
Presidente Juscelino Kubistschek International Airport,Brasília,BR,SA,3497
Ayawasi Airport,Ayawasi-Papua Island,ID,AS,1560
Bulimba Airport,,AU,OC,470
Volta Redonda Airport,Volta Redonda,BR,SA,1245
Mara Serena Lodge Airstrip,Masai Mara,KE,AF,5200
Ivanovo South Airport,Ivanovo,RU,EU,410
Fort Bragg Airport,Fort Bragg,US,NA,71
Ja'Aluni Airport,Duqm,OM,AS,560
Montgomery-Gibbs Executive Airport,San Diego,US,NA,427
Camocim Airport,Camocim,BR,SA,16
Forbes Airport,Forbes,AU,OC,760
Muskegon County Airport,Muskegon,US,NA,629
Rehoboth Airport,Rehoboth Beach,US,NA,30
Samangoky Airport,Tanandava,MG,AF,89
Dembidollo Airport,Dembidollo,ET,AF,5200
Flugplatz Güttin / Rügen,Rügen,DE,EU,69
Tanjung Santan Airport,Santan-Borneo Island,ID,AS,121
Kempegowda International Airport,Bangalore,IN,AS,3000
California Redwood Coast-Humboldt County Airport,Arcata/Eureka,US,NA,221
Ileg Airport,Ileg,PG,OC,60
Lewis University Airport,Chicago/Romeoville,US,NA,679
Brisbane International Airport,Brisbane,AU,OC,13
Fort Hope Airport,Fort Hope,CA,NA,899
Forbes Airport,Forbes,AU,OC,760
Ubatuba Airport,Ubatuba,BR,SA,13
Sanford Seacoast Regional Airport,Sanford,US,NA,244
Cape Air Seaplanes on Boston Harbor Seaplane Base,Boston,US,NA,0
Barquisimeto International Airport,Barquisimeto,VE,SA,2042
Selebi Phikwe Airport,,BW,AF,2925
Loring Seaplane Base,Loring,US,NA,0
Mount Etjo Airport,Mount Etjo Safari Lodge,NA,AF,5000
Naval Outlying Field Imperial Beach (Ream Field),Imperial Beach,US,NA,24
Jorge Wilsterman International Airport,Cochabamba,BO,SA,8360
Nioro du Sahel Airport,Nioro du Sahel,ML,AF,778
Urubupunga Airport,Castilho,BR,SA,1169
Avenger Field,Sweetwater,US,NA,2380
Eugene F. Correira International Airport,Ogle,GY,SA,10
Magas Airport,Magas,RU,EU,1165
Atka Airport,Atka,US,NA,57
Béchar Boudghene Ben Ali Lotfi Airport,Béchar,DZ,AF,2661
Taylor County Airport,Medford,US,NA,1478
Khatgal Airport,Hatgal,MN,AS,5500
Dahl Creek Airport,Dahl Creek,US,NA,260
Ilimanaq Heliport,Ilimanaq,GL,NA,52
St Aubin Airport,Dieppe,FR,EU,344
Springdale Municipal Airport,Springdale,US,NA,1353
Aswan International Airport,Aswan,EG,AF,662
Meadow Lake Airport,Meadow Lake,CA,NA,1576
Palmas del Mar Airstrip,Palmas del Mar,PR,NA,100
Cravo Norte Airport,Cravo Norte,CO,SA,341
Western Neb. Rgnl/William B. Heilig Airport,Scottsbluff,US,NA,3967
Trieste–Friuli Venezia Giulia Airport,Trieste,IT,EU,39
Bornholm Airport,Rønne,DK,EU,52
Opuwa Airport,Opuwa,NA,AF,3770
Hooper Bay Airport,Hooper Bay,US,NA,13
Typliy Klyuch Airport,Khandyga,RU,EU,925
Mettel Field,Connersville,US,NA,867
Sungai Tiang Airport,Taman Negara,MY,AS,10
Þingeyri Airport,Þingeyri,IS,EU,65
Erie International Tom Ridge Field,Erie,US,NA,732
Grant County Airport,Silver City,US,NA,5446
Xoxocotlán International Airport,Oaxaca,MX,NA,4989
Kayseri Erkilet Airport,Kayseri,TR,AS,3463
Adolfo Suárez Madrid–Barajas Airport,Madrid,ES,EU,1998
Memanbetsu Airport,Ōzora,JP,AS,135
Lianshui Airport,Huai'an,CN,AS,28
Saenz Peña Airport,Presidencia Roque Sáenz Peña,AR,SA,20
Korla Airport,Korla,CN,AS,
Amman-Marka International Airport,Amman,JO,AS,2555
Nulato Airport,Nulato,US,NA,399
Asirim Airport,,PG,OC,1050
V.C. Bird International Airport,St. John's,AG,NA,62
Schwerin Parchim Airport,,DE,EU,166
Cottbus-Drewitz Airport,Cottbus,DE,EU,272
Chumphon Airport,,TH,AS,18
Fukuoka Airport,Fukuoka,JP,AS,32
RAF Lossiemouth,Lossiemouth,GB,EU,42
Ilorin International Airport,Ilorin,NG,AF,1126
Easton Newnam Field,Easton,US,NA,72
Alameda Naval Air Station,Alameda,US,NA,10
Timbunke Airport,Timbunke,PG,OC,24
Tianshui Maijishan Airport,Tianshui,CN,AS,3590
Teniente Coronel Rafael Pabón Airport,Villamontes,BO,SA,1305
M'Vengue El Hadj Omar Bongo Ondimba International Airport,Franceville,GA,AF,1450
Mukeiras Airport,Mukayras,YE,AS,7080
Sultan Abdul Aziz Shah International Airport,Subang,MY,AS,90
Assab International Airport,Asab,ER,AF,46
Cadjehoun Airport,Cotonou,BJ,AF,19
Jurien Bay Airport,,AU,OC,15
Naha Airport,Naha,JP,AS,12
Rajouri Airport,Rajouri,IN,AS,3000
Yuruf Airport,Amgotro,ID,AS,1844
Rajkot Airport,Rajkot,IN,AS,441
Nukutepipi Airport,Nukutepipi,PF,OC,32
Cheyenne Regional Jerry Olson Field,Cheyenne,US,NA,6159
Rutland - Southern Vermont Regional Airport,Rutland,US,NA,787
Christiansted Harbor Seaplane Base,Christiansted St Croix,VI,NA,
Xiamen Gaoqi International Airport,Xiamen,CN,AS,59
Bristol Filton Airport,Bristol,GB,EU,226
Hihifo Airport,Wallis Island,WF,OC,79
Quincy Regional Baldwin Field,Quincy,US,NA,768
Norway House Airport,Norway House,CA,NA,734
Nyurba Airport,Nyurba,RU,EU,394
Tapachula International Airport,Tapachula,MX,NA,97
Humberto Delgado Airport (Lisbon Portela Airport),Lisbon,PT,EU,374
Cocos (Keeling) Islands Airport,Cocos (Keeling) Islands,CC,AS,10
Spokane International Airport,Spokane,US,NA,2376
Oshakati Airport,Oshakati,NA,AF,3616
Doongan Airport,,AU,OC,
Turaif Domestic Airport,Turaif,SA,AS,2803
Vandalia Municipal Airport,Vandalia,US,NA,537
Broome International Airport,Broome,AU,OC,56
Saransk Airport,Saransk,RU,EU,676
Kissidougou Airport,Kissidougou,GN,AF,1808
Page Municipal Airport,Page,US,NA,4316
Vijayawada Airport,,IN,AS,82
Bulgan Airport,Bulgan,MN,AS,4311
Mutiara Airport,Palu-Celebes Island,ID,AS,284
Devils Lake Regional Airport,Devils Lake,US,NA,1456
Ocean Reef Club Airport,Key Largo,US,NA,8
Dalnerechensk Airport,Dalnerechensk,RU,EU,272
Ioma Airport,Ioma,PG,OC,95
Bazhong Enyang Airport,Bazhong,CN,AS,1804
Bremerton National Airport,Bremerton,US,NA,444
Almirante Marco Andres Zar Airport,Rawson,AR,SA,141
Jilin Airport,Jilin,CN,AS,
Gatlinburg-Pigeon Forge Airport,Sevierville,US,NA,1014
Hollis Clark Bay Seaplane Base,Hollis,US,NA,0
Antsirabe Airport,Antsirabe,MG,AF,4997
Sa Pran Nak Airport,,TH,AS,95
St George Airport,St George,US,NA,125
Al Dhafra Air Base,,AE,AS,77
Kuujjuaq Airport,Kuujjuaq,CA,NA,129
Lima Allen County Airport,Lima,US,NA,975
Syktyvkar Airport,Syktyvkar,RU,EU,342
Colombo Ratmalana Airport,Colombo,LK,AS,22
Lethbridge County Airport,Lethbridge,CA,NA,3048
Tillamook Airport,Tillamook,US,NA,36
Bamiyan Airport,Bamiyan,AF,AS,8367
Gods River Airport,Gods River,CA,NA,627
Ihu Airport,Ihu,PG,OC,70
Moala Airport,Moala,FJ,OC,13
Sidi Ifni Xx Airport,Sidi Ifni,MA,AF,190
Dane County Regional Truax Field,Madison,US,NA,887
Huntingburg Airport,Huntingburg,US,NA,529
Columbus Air Force Base,Columbus,US,NA,219
Concord-Padgett Regional Airport,Concord,US,NA,705
Bensbach Airport,Bensbach,PG,OC,30
Cape Lisburne LRRS Airport,Cape Lisburne,US,NA,16
Tirana International Airport Mother Teresa,Tirana,AL,EU,126
Kerema Airport,Kerema,PG,OC,10
Biggs Army Air Field (Fort Bliss),Fort Bliss/El Paso,US,NA,3946
Enua Airport,Atiu Island,CK,OC,36
Labasa Airport,,FJ,OC,44
Nuevo Casas Grandes Airport,,MX,NA,4850
Dongola Airport,Dongola,SD,AF,772
Mulatupo Airport,Mulatupo,PA,NA,15
Chatham Islands-Tuuta Airport,Waitangi,NZ,OC,43
Perry Stokes Airport,Trinidad,US,NA,5762
New Century Aircenter Airport,Olathe,US,NA,1087
Hooper Bay Airport,Hooper Bay,US,NA,13
Vancouver International Airport,Vancouver,CA,NA,14
Stronsay Airport,Stronsay,GB,EU,39
Ohrid St. Paul the Apostle Airport,Ohrid,MK,EU,2313
D. Casimiro Szlapelis Airport,Alto Rio Senguerr,AR,SA,2286
Nomane Airport,Namane,PG,OC,6032
Oryol Yuzhny Airport,Orel,RU,EU,656
Arenal Airport,La Fortuna/San Carlos,CR,NA,342
La Laguna Airport,Guanaja,HN,NA,49
Andre Maggi Airport,Cotriguaçu,BR,SA,900
Safford Regional Airport,Safford,US,NA,3179
Ambohibary Airport,Moramanga,MG,AF,2960
Joplin Regional Airport,Joplin,US,NA,981
Nanded Airport,Nanded,IN,AS,1250
General Mariano Matamoros Airport,,MX,NA,4277
St. Paul Airport,St. Paul,CA,NA,2147
Akhiok Airport,Akhiok,US,NA,44
Sidney - Richland Regional Airport,Sidney,US,NA,1985
Ganja Airport,Ganja,AZ,AS,1083
Dracena Airport,Dracena,BR,SA,1220
Athen Helenikon Airport,Athens,GR,EU,69
Manitoulin East Municipal Airport,Manitowaning,CA,NA,869
Richard B Russell Airport,Rome,US,NA,644
Dubois Municipal Airport,Dubois,US,NA,5123
Mosteiros Airport,Vila do Mosteiros,CV,AF,66
Cakung Airport,Baucau,TL,AS,1771
Cambridge Bay Airport,Cambridge Bay,CA,NA,90
Istanbul Airport,Istanbul,TR,AS,325
Ubon Ratchathani Airport,Ubon Ratchathani,TH,AS,406
Şanlıurfa Airport,Şanlıurfa,TR,AS,1483
Sultan Mahmud Airport,Kuala Terengganu,MY,AS,21
Ordos Ejin Horo Airport,Ordos,CN,AS,4557
Orang Airport,Hoemun-ri,KP,AS,12
Ouro Sogui Airport,Matam,SN,AF,85
Passikudah Helipad,Batticaloa,LK,AS,26
Coimbatore International Airport,Coimbatore,IN,AS,1324
Embessa Airport,Embessa,PG,OC,131
Thompson Falls Airport,Thompson Falls,US,NA,2467
Mabaruma Airport,Mabaruma,GY,SA,45
Griffing Sandusky Airport,Sandusky,US,NA,580
Aviano Air Base,Aviano (PN),IT,EU,410
Santa Terezinha Airport,Joaçaba,BR,SA,2546
Okaba Airport,Okaba-Papua Island,ID,AS,23
Alamogordo White Sands Regional Airport,Alamogordo,US,NA,4200
Garoua International Airport,Garoua,CM,AF,794
Crossville Memorial Whitson Field,Crossville,US,NA,1881
Mariscal Lamar Airport,Cuenca,EC,SA,8306
Gävle Sandviken Airport,Gävle / Sandviken,SE,EU,224
Kongolo Airport,Kongolo,CD,AF,1850
Big Bear City Airport,Big Bear,US,NA,6752
Raufarhöfn Airport,Raufarhöfn,IS,EU,39
Sovetskiy Airport,Sovetskiy,RU,AS,351
Nikunau Airport,Nikunau,KI,OC,6
Albi-Le Séquestre Airport,Albi/Le Séquestre,FR,EU,564
Chiang Mai International Airport,Chiang Mai,TH,AS,1036
Roosevelt Municipal Airport,Roosevelt,US,NA,5172
Carriel Sur Airport,Concepcion,CL,SA,26
Maloelap Island Airport,Maloelap Island,MH,OC,4
Guardiamarina Zañartu Airport,Puerto Williams,CL,SA,88
Juan Manuel Galvez International Airport,Roatan Island,HN,NA,39
Narvik Framnes Airport,Narvik,NO,EU,95
Lubang Airport,,PH,AS,43
Batagay Airport,Batagay,RU,AS,696
Marshall Memorial Municipal Airport,Marshall,US,NA,779
Orinduik Airport,Orinduik,GY,SA,1797
Flensburg-Schäferhaus Airport,Flensburg,DE,EU,131
Pécs-Pogány Airport,Pécs-Pogány,HU,EU,1000
Kalamazoo Battle Creek International Airport,Kalamazoo,US,NA,874
Gallatin Field,Bozeman,US,NA,4473
King Island Airport,,AU,OC,132
CFB Trenton,Trenton,CA,NA,283
Humberto Ghizzo Bortoluzzi Regional Airport,Jaguaruna,BR,SA,120
Darchula Airport,Darchula,NP,AS,2132
Rizhao Shanzihe Airport,Rizhao,CN,AS,121
Frank Pais International Airport,Holguin,CU,NA,361
Birdsville Airport,,AU,OC,159
Port Hardy Airport,Port Hardy,CA,NA,71
Robert Gabriel Mugabe International Airport,Harare,ZW,AF,4887
Hawthorne Industrial Airport,Hawthorne,US,NA,4215
Bram Fischer International Airport,Bloemfontain,ZA,AF,4458
Decimomannu Air Base,Decimomannu,IT,EU,100
Mangochi Airport,Mangochi,MW,AF,1580
Khabarovsk-Novy Airport,Khabarovsk,RU,AS,244
Texas Gulf Coast Regional Airport,Angleton/Lake Jackson,US,NA,25
Kimberley Airport,Kimberley,ZA,AF,3950
Barreirinhas Airport,,BR,SA,40
Zorg en Hoop Airport,Paramaribo,SR,SA,10
Jinzhou Airport,Jinzhou,CN,AS,
Fairchild Air Force Base,Spokane,US,NA,2461
Princess Juliana International Airport,Saint Martin,SX,NA,13
Terrace Bay Airport,Terrace Bay,NA,AF,32
Monte Dourado Airport,Almeirim,BR,SA,677
Komodo Airport,Labuan Bajo - Flores Island,ID,AS,66
Wilgrove Air Park,Charlotte,US,NA,799
Qurghonteppa International Airport,Kurgan-Tyube,TJ,AS,1473
Sacramento International Airport,Sacramento,US,NA,27
Méndez Airport,Santiago de Méndez,EC,SA,1770
Sept-Îles Airport,Sept-Îles,CA,NA,180
Wynyard Airport,Burnie,AU,OC,62
Trenton Mercer Airport,Trenton,US,NA,213
Abaco I Walker C Airport,,BS,NA,10
Frank Wiley Field,Miles City,US,NA,2630
Barra del Colorado Airport,Pococi,CR,NA,3
Santa Cruz Airport,Santa Cruz,AR,SA,364
Losuia Airport,Losuia,PG,OC,27
Cheraw Municipal Airport/Lynch Bellinger Field,Cheraw,US,NA,239
Tabou Airport,Tabou,CI,AF,39
Shawnee Regional Airport,Shawnee,US,NA,1073
Higuerote Airport,Higuerote,VE,SA,12
Kenema Airport,Kenema,SL,AF,485
Pretoria Central Heliport,Pretoria,ZA,AF,4087
Blubber Bay Seaplane Base,Blubber Bay,CA,NA,0
Batouri Airport,Batouri,CM,AF,2152
Falcon State Airport,Roma,US,NA,358
Canton Municipal Airport,Canton,US,NA,1290
Warangal Airport,Warangal,IN,AS,935
Mount Full Stop Airport,Wando Vale,AU,OC,1918
Le Mans-Arnage Airport,Le Mans/Arnage,FR,EU,194
Warwick Airport,,AU,OC,1500
Tafaraoui Airport,,DZ,AF,367
Igor I Sikorsky Memorial Airport,Bridgeport,US,NA,9
Barcaldine Airport,Barcaldine,AU,OC,878
Dirranbandi Airport,,AU,OC,567
Wanuma Airport,Wanuma,PG,OC,2260
Hsinchu Air Base,Hsinchu City,TW,AS,26
Kryvyi Rih International Airport,Kryvyi Rih,UA,EU,408
Wheeler Army Airfield,Wahiawa,US,NA,837
Tangalooma Airport,,AU,OC,
Rourkela Airport,,IN,AS,659
Handan Airport,Handan,CN,AS,229
Mc Alester Regional Airport,Mc Alester,US,NA,770
Negril Airport,Negril,JM,NA,9
Catania-Fontanarossa Airport,Catania,IT,EU,39
Machado Airport,Machado,BR,SA,2969
Bandar Abbas International Airport,Bandar Abbas,IR,AS,22
Pine Ridge Airport,Pine Ridge,US,NA,3333
Savannah Hilton Head International Airport,Savannah,US,NA,50
Mount Pleasant Municipal Airport,Mount Pleasant,US,NA,730
Lastourville Airport,Lastourville,GA,AF,1585
Sokcho (Mulchi Airfield) (G-407/K-50) Airport,"Jangsan-ri, Ganghyeon-myeon",KR,AS,92
La Chinita International Airport,Maracaibo,VE,SA,239
Pontes e Lacerda Airport,Pontes e Lacerda,BR,SA,870
Butaritari Atoll Airport,Butaritari Atoll,KI,OC,5
Bandeirantes Airport,Bandeirantes,BR,SA,1319
Leonard M Thompson International Airport,Marsh Harbour,BS,NA,6
Assab International Airport,Asab,ER,AF,46
Henderson Field,Sand Island,UM,OC,13
Heidelberg Army Helicopter Base,Heidelberg,DE,EU,
Bonnechere Airport,Killaloe,CA,NA,595
Port Bouet Airport,Abidjan,CI,AF,21
Goroka Airport,Goronka,PG,OC,5282
Scarlett Martinez International Airport,Río Hato,PA,NA,105
Barth Airport,,DE,EU,23
Chios Island National Airport,Chios Island,GR,EU,15
Carlton Hill Airport,Carlton Hill,AU,OC,
Nal Airport,Bikaner,IN,AS,750
Theodore Airport,,AU,OC,171
Campbell River Airport,Campbell River,CA,NA,346
Nukutavake Airport,Nukutavake,PF,OC,17
Sarakhs Airport,Sarakhs,IR,AS,945
Cape Orford Airport,,PG,OC,20
Camballin Airport,Myroodah,AU,OC,
Lourdes de Blanc Sablon Airport,Lourdes-De-Blanc-Sablon,CA,NA,121
Delma Airport,Delma Island,AE,AS,30
Memorial Field,Hot Springs,US,NA,540
Antoine de Saint Exupéry Airport,San Antonio Oeste,AR,SA,85
Offutt Air Force Base,Omaha,US,NA,1052
Captain Rogelio Castillo National Airport,Celaya,MX,NA,5709
Hector International Airport,Fargo,US,NA,902
Charlotte Amalie Harbor Seaplane Base,Charlotte Amalie St Thomas,VI,NA,
Nangasuri Airport,Maikoor Island,ID,AS,82
Na-San Airport,Son-La,VN,AS,2133
Potchefstroom Airport,Potchefstroom,ZA,AF,4520
Ilulissat Airport,Ilulissat,GL,NA,95
San Javier Airport,San Javier,BO,SA,1702
Point Mugu Naval Air Station (Naval Base Ventura Co),Point Mugu,US,NA,13
Monaco Heliport,Fontvieille,MC,EU,20
Rumginae Airport,,PG,OC,160
Montauban Airport,Montauban,FR,EU,351
San Ramón Airport,San Ramón / Mamoré,BO,SA,698
Poum Airport,Poum,NC,OC,6
Al Ahsa Airport,,SA,AS,588
Jaisalmer Airport,,IN,AS,751
Birao Airport,Birao,CF,AF,1696
Kunming Changshui International Airport,Kunming,CN,AS,6903
Lehu Airport,Lehu,PG,OC,1770
Zaysan Airport,Zaysan,KZ,AS,1877
Toliara Airport,,MG,AF,29
Kasba Lake Airport,Kasba Lake,CA,NA,1131
St. Theresa Point Airport,St. Theresa Point,CA,NA,773
Maio Airport,Vila do Maio,CV,AF,36
Kiffa Airport,Kiffa,MR,AF,424
Ust-Ilimsk Airport,Ust-Ilimsk,RU,AS,1339
Lima Allen County Airport,Lima,US,NA,975
Corcoran Airport,Corcoran,US,NA,197
Adam Airport,Adam,OM,AS,1075
Dangriga Airport,Dangriga,BZ,NA,508
Trompeteros Airport,Corrientes,PE,SA,427
Wanaka Airport,,NZ,OC,1142
St. John's International Airport,St. John's,CA,NA,461
Schenck Field,Clarinda,US,NA,996
Aghajari Airport,Aghajari,IR,AS,88
Drummond Airport,Drummond,US,NA,4245
Windarling Airport,Windarling Mine,AU,OC,1502
La Guaira Airport,La Guaira,VE,SA,2569
Melfi Airport,Melfi,TD,AF,1293
Nanki Shirahama Airport,Shirahama,JP,AS,298
Normans Cay Airport,,BS,NA,8
Foya Airport,Foya,LR,AF,1480
Köthen Airport,Köthen,DE,EU,305
Al Ain International Airport,Al Ain,AE,AS,869
Thaba Nchu Tar Airport,Homeward,ZA,AF,4941
Marshall Don Hunter Sr Airport,Marshall,US,NA,103
Kalbarri Airport,Kalbarri,AU,OC,157
Kandep Airport,Kandep,PG,OC,7710
Bermuda Dunes Airport,Palm Springs,US,NA,73
Port Williams Seaplane Base,Port Williams,US,NA,0
Pantelleria Airport,Pantelleria (TP),IT,EU,628
Odate Noshiro Airport,Odate,JP,AS,292
Saïss Airport,Fes,MA,AF,1900
Marsa Brega Airport,,LY,AF,50
Tacuarembo Airport,Tacuarembo,UY,SA,440
Kithira Airport,Kithira Island,GR,EU,1045
Saint-Laurent-du-Maroni Airport,Saint-Laurent-du-Maroni,GF,SA,16
Roy Otten Memorial Airfield,Versailles,US,NA,1030
Zapala Airport,Zapala,AR,SA,3330
Chinggis Khaan International Airport,Ulan Bator,MN,AS,4364
Tomanggong Airport,Tomanggong,MY,AS,26
Natashquan Airport,Natashquan,CA,NA,39
Port Allen Airport,Hanapepe,US,NA,24
Fernando de Noronha Airport,Fernando De Noronha,BR,SA,193
Aguas Claras Airport,Ocaña,CO,SA,3850
A L Mangham Jr. Regional Airport,Nacogdoches,US,NA,355
Mid-Carolina Regional Airport,Salisbury,US,NA,772
Torres Airport,Torres,BR,SA,26
Bremerton National Airport,Bremerton,US,NA,444
Mondulkiri Airport,Sen Monorom,KH,AS,
Dakhla Airport,Dakhla,EH,AF,36
Mamburao Airport,,PH,AS,13
French Lick Municipal Airport,French Lick,US,NA,792
Paruma Airport,Paruma,GY,SA,1765
Roswell International Air Center Airport,Roswell,US,NA,3671
"Aeropuerto ""General Tomas de Heres"". Ciudad Bolivar",,VE,SA,197
Berdyansk Airport,Berdyansk,UA,EU,171
Keningau Airport,Keningau,MY,AS,1036
Koinambe Airport,Konambe,PG,OC,3000
Chubu Centrair International Airport,Tokoname,JP,AS,15
Napperby Airport,Napperby,AU,OC,2135
Manono Airport,Manono,CD,AF,2077
Bundaberg Airport,Bundaberg,AU,OC,107
San Diego International Airport,San Diego,US,NA,17
Ramon Air Base,Beersheba,IL,AS,2126
Newquay Cornwall Airport,Newquay,GB,EU,390
Gan International Airport,Gan,MV,AS,6
Zenata – Messali El Hadj Airport,Tlemcen,DZ,AF,814
Oceana Naval Air Station,Virginia Beach,US,NA,23
Baibara Airport,Nabai,PG,OC,15
Quaqtaq Airport,Quaqtaq,CA,NA,103
Minami-Daito Airport,Minamidaitō,JP,AS,167
Prairie Du Chien Municipal Airport,Prairie Du Chien,US,NA,661
St Petersburg Clearwater International Airport,St Petersburg-Clearwater,US,NA,11
Baudette International Airport,Baudette,US,NA,1086
Central Jersey Regional Airport,Manville,US,NA,86
Tindouf Airport,Tindouf,DZ,AF,1453
Poplar River Airport,Poplar River,CA,NA,728
Contadora Airport,Contadora Island,PA,NA,14
Dysart Airport,,AU,OC,670
Changzhou Benniu Airport,Changzhou,CN,AS,
Aden International Airport,Aden,YE,AS,7
Ceres Airport,Ceres,BR,SA,1962
Princeton Airport,Princeton/Rocky Hill,US,NA,128
Walnut Ridge Regional Airport,Walnut Ridge,US,NA,279
Usina Mandu Airport,Guaíra,BR,SA,1597
Godthaab / Nuuk Airport,Nuuk,GL,NA,283
Santo Pekoa International Airport,Luganville,VU,OC,184
Lindi Airport,Lindi,TZ,AF,100
Kotabangun Airport,Kotabangun-Borneo Island,ID,AS,13
Mehrabad International Airport,Tehran,IR,AS,3962
Ibadan Airport,Ibadan,NG,AF,725
El Bolson Airport,El Bolson,AR,SA,1141
Scarlett Martinez International Airport,Río Hato,PA,NA,105
Long Pasia Airport,Long Miau,MY,AS,3175
Klokovo Airfield,Tula,RU,EU,499
Caruaru Airport,Caruaru,BR,SA,1891
Mweka Airport,Mweka,CD,AF,1968
Francisco De Orellana Airport,Coca,EC,SA,834
Lviv International Airport,Lviv,UA,EU,1071
Udon Thani Airport,Udon Thani,TH,AS,579
Jérémie Airport,Jeremie,HT,NA,147
Mal Airport,Mal Island,PG,OC,6
Grantsburg Municipal Airport,Grantsburg,US,NA,927
Pilot Station Airport,Pilot Station,US,NA,305
Homestead ARB Airport,Homestead,US,NA,5
Mayne Island Seaplane Base,Miners Bay,CA,NA,
Awassa Airport,Awassa,ET,AF,5450
Naval Air Station Key West/Boca Chica Field,Key West,US,NA,6
Trona Airport,Trona,US,NA,1716
Corcoran Airport,Corcoran,US,NA,197
Dansville Municipal Airport,Dansville,US,NA,662
Tri-State/Milton J. Ferguson Field,Huntington,US,NA,828
Geladi Airport,Geladi,ET,AF,1383
Kneeland Airport,Eureka,US,NA,2737
Araguaiana Airport,Araguaiana,BR,SA,994
Tiksi Airport,Tiksi,RU,AS,26
Dunbar Airport,,AU,OC,15
Yakutat Airport,Yakutat,US,NA,33
Saratov Central Airport,Saratov,RU,EU,499
Andizhan Airport,Andizhan,UZ,AS,1515
Provideniya Bay Airport,Chukotka,RU,EU,72
Rzhevka Airport,St. Petersburg,RU,EU,56
Al-Bayda Airport,Al-Bayda,YE,AS,6120
Antonio Nery Juarbe Pol Airport,Arecibo,PR,NA,23
Golfo de Morrosquillo Airport,Tolú,CO,SA,16
Hultsfred Airport,,SE,EU,366
Senai International Airport,Johor Bahru,MY,AS,135
